Phase,Section,Champ,Label,Valeur
"META","Projet","name","Nom","√âconomie Contributive Provisionn√©e ‚Äî Souverainet√© Citoyenne"
"META","Projet","created","Cr√©√©","2026-01-26T01:47:57.820Z"
"META","Projet","updated","Modifi√©","2026-01-26T01:47:57.820Z"
"VOIR","Vision (Domino)","vision","Vision","D'ici fin 2027, obtenir un RULING FISCAL favorable du SDA validant le m√©canisme de provisionnement diff√©r√© de l'ECP, permettant aux 978 000 personnes en inactivit√© contrainte de contribuer SANS PERDRE leurs droits sociaux.

Objectif : Transformer 21-24 milliards ‚Ç¨/an de d√©penses passives en investissement actif via un projet pilote de 24 000 ‚Ç¨."
"VOIR","Vision (Domino)","obstacles","Obstacles","JURIDIQUES : Absence de cadre d√©di√©, risque de requalification ONSS, article 344 CIR 92
SOCIAUX : Perte BIM au premier euro, limitation ch√¥mage 24 mois
INSTITUTIONNELS : Coalition Arizona focalis√©e sur l'activation coercitive, services publics cloisonn√©s"
"VOIR","Vision (Domino)","ressources","Ressources","LOI VOLONTARIAT 2005 : plafond 1 692,51 ‚Ç¨ non imposable
SDA : proc√©dure de ruling √©tablie
R√âGIME VVPR-BIS : dividendes √† taux r√©duit
INFRASTRUCTURE : Solid, FHIR, Decidim, Sensor.community
PARTENAIRES : Paradigm, Athumi, mutuelles, syndicats"
"VOIR","Profil Citoyen","motivations","Motivations","978 000 personnes en inactivit√© contrainte co√ªtent 21-24 Md‚Ç¨/an.
Le syst√®me INDEMNISE l'inactivit√© mais P√âNALISE la contribution.
Taux marginal > 100% pour les pr√©caires = d√©sincitation structurelle.

L'ECP propose de transformer cette d√©pense passive en investissement actif."
"VOIR","Profil Citoyen","competences","Comp√©tences","JURIDIQUE : Ruling fiscal, droit social, volontariat
TECHNIQUE : Solid, FHIR, Git Scraping
MOBILISATION : √âducation permanente, vulgarisation
ANALYSE : Veille l√©gislative, √©tudes d'impact"
"VOIR","Profil Citoyen","temps","Temps disponible","Noyau dur : 3-5 personnes √† mi-temps
R√©seau √©largi : 20-30 contributeurs ponctuels

T1 2026 : D√©p√¥t ruling
T2 2026 : Projet pilote ARC
T4 2026 : D√©cision SDA attendue"
"VOIR","Profil Citoyen","limites","Limites","Budget : 24 000 ‚Ç¨ seulement
Pas d'acc√®s direct aux cabinets minist√©riels
Documentation principalement francophone
Risque de ruling d√©favorable"
"VOIR","Fleur du Pouvoir","identites","Identit√©s","Malades longue dur√©e (500 000+) : burnout, TMS, chroniques
Ch√¥meurs longue dur√©e : 50-55 ans, ex-industriels
√âtudiants pr√©caris√©s : 58% ins√©curit√© alimentaire
Aidants proches : travail de care invisible"
"VOIR","Fleur du Pouvoir","privileges","Privil√®ges","Capital intellectuel et juridique
R√©seau acad√©mique et tech
Ma√Ætrise des standards (Solid, FHIR)
Autonomie organisationnelle"
"VOIR","Fleur du Pouvoir","oppressions","Oppressions","Violence administrative : taux marginal > 100%, perte BIM
Violence symbolique : discours ¬´ profiteurs ¬ª
Violence √©conomique : d√©sincitation √† l'activit√©
Exclusion institutionnelle : syst√®me binaire inadapt√©"
"JUGER","Acteurs","acteur_0","Service des D√©cisions Anticip√©es (SDA)","Position: target, Pouvoir: 5/5, R√¥le: Organe du SPF Finances ‚Äî Autorit√© de d√©livrance des rulings"
"JUGER","Acteurs","acteur_1","SPF Finances","Position: neutral, Pouvoir: 5/5, R√¥le: Administration fiscale f√©d√©rale"
"JUGER","Acteurs","acteur_2","ONSS","Position: neutral, Pouvoir: 5/5, R√¥le: Office National de S√©curit√© Sociale ‚Äî Requalification salariale"
"JUGER","Acteurs","acteur_3","Cabinet Vandenbroucke","Position: neutral, Pouvoir: 5/5, R√¥le: Ministre Affaires Sociales (Vooruit)"
"JUGER","Acteurs","acteur_4","Paradigm","Position: ally, Pouvoir: 3/5, R√¥le: Gestionnaire donn√©es Bruxelles ‚Äî Infrastructure Solid"
"JUGER","Acteurs","acteur_5","Athumi","Position: ally, Pouvoir: 3/5, R√¥le: Gestionnaire donn√©es Flandre ‚Äî Infrastructure Solid"
"JUGER","Acteurs","acteur_6","Solidaris","Position: ally, Pouvoir: 3/5, R√¥le: Mutualit√© socialiste ‚Äî Expertise sant√©"
"JUGER","Acteurs","acteur_7","FGTB","Position: ally, Pouvoir: 4/5, R√¥le: Syndicat socialiste ‚Äî Services juridiques"
"JUGER","Acteurs","acteur_8","CSC","Position: ally, Pouvoir: 4/5, R√¥le: Syndicat chr√©tien ‚Äî R√©seau et mobilisation"
"JUGER","Acteurs","acteur_9","DULBEA (ULB)","Position: ally, Pouvoir: 2/5, R√¥le: Centre recherche √©conomique ‚Äî Caution acad√©mique"
"JUGER","Arbre √† Probl√®mes","probleme","Probl√®me central","Le ¬´ PI√àGE INSTITUTIONNEL ¬ª belge maintient 978 000 personnes dans une INACTIVIT√â CONTRAINTE co√ªtant 21-24 milliards ‚Ç¨/an, tout en P√âNALISANT toute tentative de contribution citoyenne."
"JUGER","Arbre √† Probl√®mes","causes","Causes","‚Ä¢ Absence de statut juridique pour les formes hybrides de contribution
‚Ä¢ Conception binaire du march√© du travail (CDI ou inactif)
‚Ä¢ Cloisonnement administratif (SPF, ONSS, ONEM, INAMI)
‚Ä¢ M√©canismes de d√©gressivit√© brutaux (perte BIM au premier euro)
‚Ä¢ Id√©ologie d'activation coercitive privil√©giant la sanction"
"JUGER","Arbre √† Probl√®mes","consequences","Cons√©quences","‚Ä¢ 978 000 personnes maintenues dans l'inactivit√© contrainte
‚Ä¢ Co√ªt annuel de 21-24 milliards ‚Ç¨ en d√©penses passives
‚Ä¢ D√©ficit s√©curit√© sociale 2024 : 18,2 Md‚Ç¨
‚Ä¢ Perte de comp√©tences et capital humain
‚Ä¢ Cercle vicieux : inactivit√© ‚Üí d√©gradation sant√© ‚Üí incapacit√©"
"JUGER","Les 5 Pourquoi","p1","Pourquoi 1","Parce qu'il n'existe AUCUN STATUT JURIDIQUE pour les formes hybrides de contribution citoyenne ‚Äî le droit belge ne conna√Æt que le salari√©, l'ind√©pendant ou le volontaire strict."
"JUGER","Les 5 Pourquoi","p2","Pourquoi 2","Parce que le SYST√àME SOCIAL BELGE a √©t√© con√ßu pour un march√© du travail BINAIRE et ne sait pas traiter les situations interm√©diaires."
"JUGER","Les 5 Pourquoi","p3","Pourquoi 3","Parce que les M√âCANISMES DE D√âGRESSIVIT√â sont BRUTAUX ‚Äî la perte du statut BIM au premier euro cr√©e un taux marginal > 100%."
"JUGER","Les 5 Pourquoi","p4","Pourquoi 4","Parce que l'ID√âOLOGIE D'ACTIVATION COERCITIVE postule que seule la SANCTION incite √† l'emploi, ignorant les freins structurels r√©els."
"JUGER","Les 5 Pourquoi","p5","Pourquoi 5 (cause racine)","CAUSE RACINE : Le RAPPORT DE FORCE POLITIQUE est d√©favorable aux formes alternatives de contribution. Le financement de la s√©cu est index√© sur le salariat traditionnel, le ruling fiscal est sous-utilis√©, la coalition Arizona privil√©gie la punition √† l'innovation."
"JUGER","Analyse SWOT","forces","Forces","‚Ä¢ Architecture juridique solide (loi volontariat, ruling SDA, VVPR-bis)
‚Ä¢ Alignement avec objectifs Arizona (valoriser le travail)
‚Ä¢ Argument √©conomique imparable (21 Md‚Ç¨ vs 24 000 ‚Ç¨)
‚Ä¢ Infrastructure technique mature (Solid, FHIR, Decidim)"
"JUGER","Analyse SWOT","faiblesses","Faiblesses","‚Ä¢ Complexit√© technique √©lev√©e √† vulgariser
‚Ä¢ Absence de pr√©c√©dent direct de ruling ECP
‚Ä¢ Ressources limit√©es (24 000 ‚Ç¨ budget)
‚Ä¢ Documentation principalement francophone"
"JUGER","Analyse SWOT","opportunites","Opportunit√©s","‚Ä¢ Contexte budg√©taire critique (d√©ficit 18,2 Md‚Ç¨)
‚Ä¢ R√©formes Arizona cr√©ent besoin d'alternatives
‚Ä¢ Partenaires r√©gionaux (Paradigm, Athumi) existants
‚Ä¢ Int√©r√™t croissant pour les mod√®les alternatifs"
"JUGER","Analyse SWOT","menaces","Menaces","‚Ä¢ Ruling fiscal d√©favorable ou refus du SDA
‚Ä¢ Requalification ONSS en contrat de travail
‚Ä¢ R√©cup√©ration politique n√©gative
‚Ä¢ Fatigue des porteurs de projet"
"JUGER","Analyse PESTEL","p","Politique","Coalition Arizona (MR + N-VA + Engag√©s + CD&V + Vooruit)
PM Bart De Wever : agenda activation et responsabilisation
Objectifs : 18 Md‚Ç¨ √©conomies, 80% taux d'emploi, diff√©rentiel 500 ‚Ç¨"
"JUGER","Analyse PESTEL","e","√âconomique","D√©ficit s√©cu sociale 2024 : 18,2 Md‚Ç¨
Co√ªt inactivit√© : 21-24 Md‚Ç¨/an (1 M‚Ç¨/heure)
Dette publique : 119% PIB projet√© 2029
Taux d'emploi : 72,1% BE vs 75,4% UE"
"JUGER","Analyse PESTEL","s","Social","978 000 personnes en inactivit√© contrainte
2,1 millions Belges en risque AROPE (18,3%)
500 000+ malades longue dur√©e
58% √©tudiants en ins√©curit√© alimentaire"
"JUGER","Analyse PESTEL","t","Technologique","Protocole Solid : souverainet√© donn√©es (Pod)
Standard FHIR : interop√©rabilit√© sant√©/social
Git Scraping : v√©rit√© administrative
Decidim : d√©lib√©ration liquide"
"JUGER","Analyse PESTEL","en","Environnemental","Transition √©cologique n√©cessitant contributions citoyennes
Pr√©carit√© √©nerg√©tique aggrav√©e (perte BIM ‚Üí tarifs sociaux)
Science citoyenne environnementale (Sensor.community)"
"JUGER","Analyse PESTEL","l","L√©gal","Loi volontariat 2005 : plafond 1 692,51 ‚Ç¨
Crit√®res ONSS : prestation, r√©mun√©ration, subordination
SDA : proc√©dure ruling √©tablie
Article 344 CIR 92 : disposition anti-abus"
"JUGER","Th√©orie du Changement","actuelle","Changement de conscience","Les personnes pr√©caris√©es passent de la HONTE √† la FIERT√â de contribuer. D√©construction du pi√®ge institutionnel int√©rioris√©. Prise de conscience de la valeur sociale de ses comp√©tences."
"JUGER","Th√©orie du Changement","souhaitee","Changement de politiques","RULING FISCAL FAVORABLE validant le provisionnement diff√©r√©. STATUT FISCAL SP√âCIFIQUE ECP. ARTICULATION avec la s√©curit√© sociale pour constituer des droits. PARTENARIATS INSTITUTIONNELS formalis√©s."
"JUGER","Th√©orie du Changement","mecanismes","Changement de comportement","Engagement dans des activit√©s valoris√©es (capteurs citoyens, Pont Social, guides pratiques). Utilisation du cadre ECP (chartes, SRL). Participation √† la gouvernance (Decidim). Documentation des contributions (Git)."
"JUGER","Th√©orie du Changement","hypotheses","Hypoth√®ses","1. Le SDA est capable de statuer sur un montage innovant
2. L'alignement Arizona rend le mod√®le audible
3. Le co√ªt de l'inaction est un argument imparable
4. Les partenaires institutionnels ont int√©r√™t √† s'engager
5. L'infrastructure technique est mature"
"AGIR","Strat√©gies de Pouvoir","avec","Avec le pouvoir","‚Ä¢ Dialogue avec le SDA : d√©p√¥t ruling document√©
‚Ä¢ Partenariat cabinet Vandenbroucke : articulation ECP/s√©cu sociale
‚Ä¢ Collaboration Paradigm/Athumi : infrastructure Solid
‚Ä¢ Concertation syndicats et mutuelles
‚Ä¢ Auditions parlementaires"
"AGIR","Strat√©gies de Pouvoir","sans","Sans le pouvoir","‚Ä¢ Projet pilote ARC : preuve de concept avec 24 000 ‚Ç¨
‚Ä¢ D√©ploiement technique autonome (Sensor.community, Solid, Decidim)
‚Ä¢ Production de ressources √©ducatives et guides
‚Ä¢ Constitution d'un √©cosyst√®me de 100+ contributeurs
‚Ä¢ Documentation open source r√©plicable"
"AGIR","Strat√©gies de Pouvoir","contre","Contre le pouvoir","‚Ä¢ Recours juridiques si ruling d√©favorable (Conseil d'√âtat, Cour Constitutionnelle)
‚Ä¢ Campagne de d√©nonciation du pi√®ge institutionnel (1 M‚Ç¨/heure)
‚Ä¢ Mobilisation citoyenne (p√©titions, actions symboliques)
‚Ä¢ Interpellation europ√©enne (Pilier social)
‚Ä¢ Alliance avec opposition parlementaire"
"AGIR","Cibles & Alli√©s","principales","Cibles principales","üéØ CIBLE PRINCIPALE : SERVICE DES D√âCISIONS ANTICIP√âES (SDA)

Seule autorit√© habilit√©e √† d√©livrer un RULING FISCAL s√©curisant l'ECP.

STRAT√âGIE :
1. Dossier IMPECCABLEMENT document√©
2. D√©montrer l'ALIGNEMENT avec objectifs Arizona
3. Pr√©senter le PROVISIONNEMENT DIFF√âR√â comme non-revenu
4. Solliciter validation ABSENCE D'ABUS (Art. 344 CIR 92)"
"AGIR","Cibles & Alli√©s","secondaires","Cibles secondaires","‚Ä¢ Cabinet Vandenbroucke : ministre socialiste potentiellement sensible
‚Ä¢ ONSS : confirmation absence de subordination
‚Ä¢ Services emploi (Forem, Actiris, VDAB) : reconnaissance activit√© ECP
‚Ä¢ Commissions parlementaires : visibilit√© politique
‚Ä¢ M√©dias (Le Soir, L'√âcho) : l√©gitimation du mod√®le"
"AGIR","Cibles & Alli√©s","allies","Alli√©s strat√©giques","‚Ä¢ Syndicats (FGTB, CSC) : services juridiques, mobilisation
‚Ä¢ Mutuelles (Solidaris, MC) : expertise sant√©, Pont Social FHIR
‚Ä¢ F√©d√©rations CPAS (UVCW, Brulocalis) : relais institutionnels
‚Ä¢ Gestionnaires donn√©es (Paradigm, Athumi) : infrastructure Solid
‚Ä¢ Universit√©s (DULBEA, IWEPS) : caution acad√©mique
‚Ä¢ Opposition (PS, √âcolo, PTB) : relais parlementaire"
"AGIR","Message Cl√©","accroche","Accroche","¬´ En Belgique, l'inactivit√© forc√©e co√ªte 1 MILLION D'EUROS PAR HEURE.

978 000 personnes sont PAY√âES pour ne rien faire.
Pas parce qu'elles le veulent.
Mais parce que le syst√®me les PUNIT d√®s qu'elles essaient de contribuer.

24 000 ‚Ç¨ pour prouver qu'une alternative existe.
Contre 21 milliards de d√©penses passives par an. ¬ª"
"AGIR","Message Cl√©","probleme","Le probl√®me","Le syst√®me social belge souffre d'un PI√àGE INSTITUTIONNEL absurde :
‚Ä¢ Il INDEMNISE l'inactivit√© totale (21-24 milliards ‚Ç¨/an)
‚Ä¢ Mais il P√âNALISE toute tentative de contribution

Taux marginal > 100% : chaque euro gagn√© fait perdre le statut BIM, puis les tarifs sociaux.

R√©sultat : Il est √âCONOMIQUEMENT RATIONNEL de rester inactif."
"AGIR","Message Cl√©","importance","Pourquoi c'est important","Sans action imm√©diate :
‚Ä¢ D√©ficit s√©cu sociale EXPLOSERA (24,1 Md‚Ç¨ en 2028)
‚Ä¢ R√©formes Arizona AGGRAVERONT le pi√®ge
‚Ä¢ Capital humain continuera de se D√âGRADER
‚Ä¢ Fen√™tre d'opportunit√© se FERMERA

L'ECP n'est pas une utopie. C'est une SOLUTION PRAGMATIQUE."
"AGIR","Message Cl√©","cible","√Ä qui on s'adresse","‚Ä¢ Au SDA : Vous avez le pouvoir de S√âCURISER l'innovation sociale par un simple ruling.
‚Ä¢ Au Ministre Vandenbroucke : L'ECP valorise le travail SANS sanctionner les pr√©caires.
‚Ä¢ Aux syndicats et mutuelles : L'ECP offre une voie de sortie SANS perdre vos protections.
‚Ä¢ √Ä l'opinion publique : Les allocataires sont EMP√äCH√âS de contribuer par un syst√®me absurde."
"AGIR","Message Cl√©","action","Action demand√©e","1Ô∏è‚É£ RULING FISCAL FAVORABLE du SDA
2Ô∏è‚É£ CIRCULAIRE ADMINISTRATIVE clarifiant maintien BIM
3Ô∏è‚É£ PARTENARIAT INSTITUTIONNEL pour le projet pilote
4Ô∏è‚É£ FINANCEMENT INITIAL de 24 000 ‚Ç¨ pour l'ARC

#EconomieContributive #RulingFiscal #SouveraineteCitoyenne"
"AGIR","SMART","smart_0","‚¨ú Objectif","Obtenir un RULING FISCAL FAVORABLE du SDA validant le provisionnement diff√©r√© | üìè D√©cision anticip√©e √©crite confirmant non-revenu imm√©diat | üìÖ 2026-10-31"
"AGIR","SMART","smart_1","‚¨ú Objectif","Lancer le projet pilote ARC avec 100+ contributeurs actifs | üìè 100 personnes avec charte sign√©e et missions document√©es | üìÖ 2026-12-15"
"AGIR","SMART","smart_2","‚¨ú Objectif","Documenter une √âCONOMIE POTENTIELLE chiffr√©e (√©tude d'impact) | üìè Rapport acad√©mique DULBEA/IWEPS quantifiant ROI social | üìÖ 2026-09-30"
"AGIR","SMART","smart_3","‚¨ú Objectif","S√©curiser un PARTENARIAT TECHNIQUE avec Paradigm ou Athumi | üìè Convention sign√©e pour acc√®s Pod Solid | üìÖ 2026-06-30"
"AGIR","SMART","smart_4","‚¨ú Objectif","Obtenir une COUVERTURE M√âDIATIQUE positive dans 3+ m√©dias | üìè Articles dans Le Soir, L'√âcho, Trends ou RTBF | üìÖ 2026-09-15"
"AGIR","Suivi & √âvaluation","indicateurs","Indicateurs de succ√®s","QUANTITATIFS :
‚Ä¢ D√©cision ruling fiscal (favorable/d√©favorable)
‚Ä¢ Nombre de contributeurs pilote ARC (cible : 100+)
‚Ä¢ Valeur sociale g√©n√©r√©e (cible : 50 000 ‚Ç¨ provisionn√©s)
‚Ä¢ Partenariats formalis√©s (cible : 3+ conventions)
‚Ä¢ Couverture m√©diatique (cible : 5+ articles)
‚Ä¢ Maintien droits sociaux (cible : 100% contributeurs)

QUALITATIFS :
‚Ä¢ Qualit√© documentation juridique
‚Ä¢ Satisfaction contributeurs (> 4/5)
‚Ä¢ Int√©r√™t d√©cideurs politiques"
"AGIR","Suivi & √âvaluation","methodes","M√©thodes de suivi","‚Ä¢ Suivi dossier ruling (contact SDA, journal √©changes)
‚Ä¢ Tableau de bord contributeurs (chartes, missions, statut social)
‚Ä¢ Documentation contributions (Git Scraping)
‚Ä¢ Veille m√©dia et politique
‚Ä¢ Enqu√™tes trimestrielles contributeurs
‚Ä¢ √âvaluation d'impact acad√©mique (DULBEA/IWEPS)"
"AGIR","Suivi & √âvaluation","calendrier","Calendrier","T1 2026 : D√©p√¥t ruling, mandatement avocat
T2 2026 : Lancement pilote ARC, 50 contributeurs
T3 2026 : 100 contributeurs, √©tude d'impact publi√©e
T4 2026 : D√©cision ruling attendue, bilan pilote
2027 : Si favorable ‚Üí d√©ploiement / Si d√©favorable ‚Üí recours"
"AGIR","Suivi & √âvaluation","lecons","Le√ßons √† documenter","√Ä DOCUMENTER :
‚Ä¢ Quels arguments ont convaincu le SDA ?
‚Ä¢ Quel profil de contributeurs s'engage le plus ?
‚Ä¢ Quels partenaires ont √©t√© les plus r√©actifs ?
‚Ä¢ Comment contrer l'accusation d'optimisation fiscale ?
‚Ä¢ Solid/FHIR sont-ils utilisables par les non-techniciens ?
‚Ä¢ Quelles comp√©tences ont manqu√© ?"
"AGIR","Journal","2026-01-26","Entr√©e 1","üöÄ Cr√©ation du projet ECP. Objectif : s√©curiser juridiquement l'√âconomie Contributive Provisionn√©e via ruling fiscal SDA."
